,S.No,Name,,Imdb,Twitter,Instagram,Fb,,
,1,Ranveer Singh,Film Actor,https://pro.imdb.com/name/nm3828984,https://twitter.com/RanveerOfficial,https://www.instagram.com/ranveersingh/,https://www.facebook.com/RanveerSinghOfficial,,
,2,Shahid Kapoor,Film Actor,https://pro.imdb.com/name/nm1372788,https://twitter.com/shahidkapoor,https://www.instagram.com/shahidkapoor/,https://www.facebook.com/shahidkapoor,,
,3,Akshay Kumar,Film Actor,https://pro.imdb.com/name/nm0474774,https://twitter.com/akshaykumar,https://www.instagram.com/akshaykumar/,https://www.facebook.com/akshaykumarofficial,,
,4,Pulkit Samrat,Film Actor,https://pro.imdb.com/name/nm4992002,https://twitter.com/PulkitSamrat,https://www.instagram.com/pulkitsamrat/,https://www.facebook.com/PulkitSamratUnlocked,,
,5,Salman Khan,Film Actor,https://pro.imdb.com/name/nm0006795,https://twitter.com/BeingSalmanKhan,https://www.instagram.com/beingsalmankhan/,https://www.facebook.com/BeingSalmanKhan,,
,6,ShahRukh Khan,Film Actor,https://pro.imdb.com/name/nm0451321,https://twitter.com/iamsrk,https://www.instagram.com/iamsrk/,https://www.facebook.com/IamSRK,,
,7,Amitabh Bachchan,Film Actor,https://pro.imdb.com/name/nm0000821,https://twitter.com/SrBachchan,https://www.instagram.com/amitabhbachchan/,https://www.facebook.com/AmitabhBachchan,,
,8,Hrithik Roshan,Film Actor,https://pro.imdb.com/name/nm0004335,https://twitter.com/iHrithik,https://www.instagram.com/hrithikroshan/,https://www.facebook.com/hrithikroshan,,
,9,Rajkummar Rao,Film Actor,https://pro.imdb.com/name/nm3822770,https://twitter.com/RajkummarRao,https://www.instagram.com/rajkummar_rao/,https://www.facebook.com/rajkummarrao,,
,10,Sidharth Malhotra,Film Actor,https://pro.imdb.com/name/nm3289096,https://twitter.com/S1dharthM,https://www.instagram.com/s1dofficial/,https://www.facebook.com/s1dmalhotra,,
,11,Varun Dhawan,Film Actor,https://pro.imdb.com/name/nm3315894,https://twitter.com/Varun_dvn,https://www.instagram.com/varundvn/,https://www.facebook.com/VarunDhawan.co,,
,12,Ali Fazal,Film Actor,https://pro.imdb.com/name/nm3170495,https://twitter.com/alifazal9,https://www.instagram.com/alifazal9/,https://www.facebook.com/AliFazalOfficial,,
,13,Aamir Khan,Film Actor,https://pro.imdb.com/name/nm0451148,https://twitter.com/aamir_khan,https://www.instagram.com/_aamirkhan/,https://www.facebook.com/aamirkhan.com,,
,14,Irrfan Khan,Film Actor,https://pro.imdb.com/name/nm0451234,https://twitter.com/irrfank,NA,https://www.facebook.com/irrfanofficial,,
,15,Ajay Devgn,Film Actor,https://pro.imdb.com/name/nm0222426,https://twitter.com/ajaydevgn,https://www.instagram.com/ajaydevgn/,https://www.facebook.com/AjayDevgn,,
,16,Saif Ali Khan,Film Actor,https://pro.imdb.com/name/nm0451307,NA,https://www.instagram.com/saif_alikan/,https://www.facebook.com/saifalikhan,,
,17,Farhan Akhtar,Film Actor,https://pro.imdb.com/name/nm1027719,https://twitter.com/FarOutAkhtar,https://www.instagram.com/faroutakhtar/,https://www.facebook.com/farhanakhtarlive,,
,18,Rajinikanth,Film Actor,https://pro.imdb.com/name/nm0707425,https://twitter.com/rajinikanth,https://www.instagram.com/rajinikanth/,https://www.facebook.com/Rajinikanth,,
,19,Abhishek Bachchan,Film Actor,https://pro.imdb.com/name/nm0045393,https://twitter.com/juniorbachchan,https://www.instagram.com/bachchan/,https://www.facebook.com/AbhishekBachchan,,
,20,Riteish Deshmukh,Film Actor,https://pro.imdb.com/name/nm1299011,https://twitter.com/Riteishd,https://www.instagram.com/riteishd/,https://www.facebook.com/Riteishd,,
,21,Anupam Kher,Film Actor,https://pro.imdb.com/name/nm0451600,https://twitter.com/AnupamPKher,https://www.instagram.com/anupampkher/,https://www.facebook.com/anupamkherofficial,,
,22,Dhanush,Film Actor,https://pro.imdb.com/name/nm1333687,https://twitter.com/dhanushkraja,https://www.instagram.com/iam.dhanush/,https://www.facebook.com/DhanushKRaja,,
,23,Vir Das,Film Actor,https://pro.imdb.com/name/nm1983888,https://twitter.com/thevirdas,https://www.instagram.com/virdas/,https://www.facebook.com/TheVirDasOfficial,,
,24,Arjun Kapoor,Film Actor,https://pro.imdb.com/name/nm1819083,https://twitter.com/arjunk26,https://www.instagram.com/arjunkapoor/,https://www.facebook.com/ArjunKapoorOfficial,,
,25,Sushant Singh Rajput,Film Actor,https://pro.imdb.com/name/nm3818286,https://twitter.com/itsSSR,https://www.instagram.com/sushantsinghrajput/,https://www.facebook.com/SushantSinghRajput,,
,26,Sanjay Dutt,Film Actor,https://pro.imdb.com/name/nm0004569,https://twitter.com/duttsanjay,https://www.instagram.com/duttsanjay/,https://www.facebook.com/Duttsanjay,,
,27,Aditya Roy Kapur,Film Actor,https://pro.imdb.com/name/nm3169069,https://twitter.com/AdityaRoyKapur0,https://www.instagram.com/adityaroykapur/,https://www.facebook.com/adityaroykapur,,
,28,Tiger Shroff,Film Actor,https://pro.imdb.com/name/nm5899377,https://twitter.com/iTIGERSHROFF,https://www.instagram.com/tigerjackieshroff/,https://www.facebook.com/TigerShroff,,
,29,Anil Kapoor,Film Actor,https://pro.imdb.com/name/nm0438463,https://twitter.com/AnilKapoor,https://www.instagram.com/anil__kapoor/,https://www.facebook.com/anilskapoor,,
,30,Arjun Rampal,Film Actor,https://pro.imdb.com/name/nm0992000,https://twitter.com/rampalarjun,https://www.instagram.com/rampal72/,https://www.facebook.com/RampalArjun,,
,31,John Abraham,Film Actor,https://pro.imdb.com/name/nm1303433,https://twitter.com/TheJohnAbraham,https://www.instagram.com/thejohnabraham/,https://www.facebook.com/TheRealJohnAbraham,,
,32,Rishi Kapoor,Film Actor,https://pro.imdb.com/name/nm0438501,https://twitter.com/chintskap,https://www.instagram.com/rishikapoorofficial/,NA,,
,33,Sonu Sood,Film Actor,https://pro.imdb.com/name/nm1399243,https://twitter.com/SonuSood,https://www.instagram.com/sonu_sood/,https://www.facebook.com/ActorSonuSood,,
,34,Vivek Oberoi,Film Actor,https://pro.imdb.com/name/nm1059103,https://twitter.com/vivekoberoi,https://www.instagram.com/vivekoberoi/,https://www.facebook.com/vivekoberoi,,
,35,Prabhu Deva,Film Actor,https://pro.imdb.com/name/nm0222150,https://twitter.com/PDdancing,https://www.instagram.com/prabhudheva/,https://www.facebook.com/PrabhuDevaOfficial,,
,36,Emraan Hashmi,Film Actor,https://pro.imdb.com/name/nm1431656,https://twitter.com/emraanhashmi,https://www.instagram.com/therealemraan/,https://www.facebook.com/EmraanHashmi,,
,37,Vidyut Jamwal,Film Actor,https://pro.imdb.com/name/nm4651098,https://twitter.com/VidyutJammwal,https://www.instagram.com/mevidyutjammwal/,https://www.facebook.com/OfficialVidyutJammwal,,
,38,Neil Nitin Mukesh,Film Actor,https://pro.imdb.com/name/nm1778703,https://twitter.com/NeilNMukesh,https://www.instagram.com/neilnitinmukesh/,https://www.facebook.com/NeilNMukesh,,
,39,Sunil Grover,Film Actor,https://pro.imdb.com/name/nm1571487,https://twitter.com/WhoSunilGrover,https://www.instagram.com/whosunilgrover/,https://www.facebook.com/WhoSunilGrover,,
,40,Paresh Rawal,Film Actor,https://pro.imdb.com/name/nm0712546,https://twitter.com/SirPareshRawal,https://www.instagram.com/pareshrawal_official/,NA,,
,41,Rana Daggubati,Film Actor,https://pro.imdb.com/name/nm2281292,https://twitter.com/RanaDaggubati,https://www.instagram.com/ranadaggubati/,https://www.facebook.com/RanaDaggubati,,
,42,Karan Johar,Film Actor,https://pro.imdb.com/name/nm0424103,https://twitter.com/karanjohar,https://www.instagram.com/karanjohar/,https://www.facebook.com/karanjohar,,
,43,Boman Irani,Film Actor,https://pro.imdb.com/name/nm1224082,https://twitter.com/bomanirani,https://www.instagram.com/boman_irani/,https://www.facebook.com/BomanIrani,,
,44,Fawad Khan,Film Actor,https://pro.imdb.com/name/nm2717565,https://twitter.com/_fawadakhan_,https://www.instagram.com/fawadkhan81/,https://www.facebook.com/pg/Fawad.Afzal.Khan,,
,45,Ali Zafar,Film Actor,https://pro.imdb.com/name/nm3773554,https://twitter.com/AliZafarsays,https://www.instagram.com/ali_zafar/,https://www.facebook.com/pg/aly.zafar,,
,46,Gurmeet Choudhary,Film Actor,https://pro.imdb.com/name/nm3073211,https://twitter.com/gurruchoudhary,https://www.instagram.com/guruchoudhary/,https://www.facebook.com/Gurmeet.Choudhary,,
,47,Arshad Warsi,Film Actor,https://pro.imdb.com/name/nm0451174,https://twitter.com/ArshadWarsi,https://www.instagram.com/arshad_warsi/,https://www.facebook.com/TheArshadWarsi,,
,48,Govinda,Film Actor,https://pro.imdb.com/name/nm0332871,https://twitter.com/GovindaOfficial,https://www.instagram.com/govinda_herono1/,https://www.facebook.com/HeroNumber1.Govinda,,
,49,Ranbir Kapoor,Film Actor,https://pro.imdb.com/name/nm1633541,NA,https://www.instagram.com/ranbirkapoor/,https://www.facebook.com/RanbirKapoor,,
,50,Manoj Bajpayee,Film Actor,https://pro.imdb.com/name/nm0048075,https://twitter.com/BajpayeeManoj,https://www.instagram.com/bajpayee.manoj/,https://www.facebook.com/Spotlight.ManojBajpayee,,
,51,Mohit Marwah,Film Actor,https://pro.imdb.com/name/nm1963822,https://twitter.com/mohitsmarwah,https://www.instagram.com/mohitmarwah/,https://www.facebook.com/mohitmarwahofficial,,
,52,Randeep Hooda,Film Actor,https://pro.imdb.com/name/nm0393535,https://twitter.com/RandeepHooda,https://www.instagram.com/randeephooda/,https://www.facebook.com/Randeephooda,,
,53,Jimmy Shergill,Film Actor,https://pro.imdb.com/name/nm0792116,https://twitter.com/jimmysheirgill,https://www.instagram.com/jimmysheirgill/,https://www.facebook.com/jimmysheirgill,,
,54,Ayushmann Khurrana,Film Actor,https://pro.imdb.com/name/nm4731677,https://twitter.com/ayushmannk,https://www.instagram.com/ayushmannk/,https://www.facebook.com/ayushmannkhurrana,,
,55,Jackie Shroff,Film Actor,https://pro.imdb.com/name/nm0006763,https://twitter.com/bindasbhidu,https://www.instagram.com/apnabhidu/,https://www.facebook.com/JackieShroff,,
,56,Akshay Oberoi,Film Actor,https://pro.imdb.com/name/nm0643348,https://twitter.com/Akshay0beroi,https://www.instagram.com/akshay0beroi/,https://www.facebook.com/Akshay0beroi,,
,57,Himansh Kohli,Film Actor,https://pro.imdb.com/name/nm4946996,https://twitter.com/himanshkohli,https://www.instagram.com/kohlihimansh/,https://www.facebook.com/himanshkohli3,,
,58,Nawazuddin Siddiqui,Film Actor,https://pro.imdb.com/name/nm1596350,https://twitter.com/Nawazuddin_S,https://www.instagram.com/nawazuddin._siddiqui/,https://www.facebook.com/NawazuddinSiddiqui,,
,59,Purab Kohli,Film Actor,https://pro.imdb.com/name/nm1327322,https://twitter.com/Purab_Kohli,https://www.instagram.com/purab_kohli/,https://www.facebook.com/PurabKohliOfficial,,
,60,Tusshar Kapoor,Film Actor,https://pro.imdb.com/name/nm0969428,https://twitter.com/TusshKapoor,https://www.instagram.com/tusshkapoor/,https://www.facebook.com/TussharKapoorOfficial,,
,61,Amit Sadh,Film Actor,https://pro.imdb.com/name/nm2815326,https://twitter.com/TheAmitSadh,https://www.instagram.com/theamitsadh/,https://www.facebook.com/TheAmitSadh,,
,62,Suniel Shetty,Film Actor,https://pro.imdb.com/name/nm0792911,https://twitter.com/SunielVShetty,https://www.instagram.com/suniel.shetty/,https://www.facebook.com/SunielVShetty,,
,63,Kunal Kapoor,Film Actor,https://pro.imdb.com/name/nm1577858,https://twitter.com/kapoorkkunal,https://www.instagram.com/kunalkkapoor/,https://www.facebook.com/KunalKaranKapoorOfficialFanPage,,
,64,Shreyas Talpade,Film Actor,https://pro.imdb.com/name/nm1662277,https://twitter.com/shreyastalpade1,https://www.instagram.com/shreyastalpade27/,https://www.facebook.com/shreyastalpadeofficial,,
,65,Karan Singh Grover,Film Actor,https://pro.imdb.com/name/nm2822547,https://twitter.com/Iamksgofficial,https://www.instagram.com/iamksgofficial/,https://www.facebook.com/Iamksgofficial,,
,66,Varun Sharma,Film Actor,https://pro.imdb.com/name/nm5607349,https://twitter.com/varunsharma90,https://www.instagram.com/fukravarun/,https://www.facebook.com/Fukravarun,,
,67,Abhay Deol,Film Actor,https://pro.imdb.com/name/nm1867717,https://twitter.com/AbhayDeol,https://www.instagram.com/abhaydeol/,https://www.facebook.com/AbhayDeol,,
,68,Ronit Roy,Film Actor,https://pro.imdb.com/name/nm0747172,https://twitter.com/RonitBoseRoy,https://www.instagram.com/ronitboseroy/,https://www.facebook.com/Ronit-Roy-262358133884628,,
,69,Harshvardhan Kapoor,Film Actor,https://pro.imdb.com/name/nm7561367,https://twitter.com/HarshKapoor_,https://www.instagram.com/harshvardhankapoor/,https://www.facebook.com/HarshvardhanKapoor,,
,70,Imran Khan,Film Actor,https://pro.imdb.com/name/nm1405359,NA,https://www.instagram.com/imrankhan/,https://www.facebook.com/ActorImranKhan,,
,71,Sunny Deol,Film Actor,https://pro.imdb.com/name/nm0219971,https://twitter.com/iamsunnydeol,https://www.instagram.com/iamsunnydeol/,https://www.facebook.com/sunnydeol,,
,72,Jackky Bhagnani,Film Actor,https://pro.imdb.com/name/nm1513319,https://twitter.com/jackkybhagnani,https://www.instagram.com/jackkybhagnani/,https://www.facebook.com/JackkyBhagnaniOfficial,,
,73,Manish Paul,Film Actor,https://pro.imdb.com/name/nm3911132,https://twitter.com/ManishPaul03,https://www.instagram.com/manish_paul9/,https://www.facebook.com/ManishPaul03,,
,74,Kartik Aaryan,Film Actor,https://pro.imdb.com/name/nm4449711,https://twitter.com/TheAaryanKartik,https://www.instagram.com/kartikaaryan/,https://www.facebook.com/KartikAaryanOfficial,,
,75,Deepika Padukone,Film Actress,https://pro.imdb.com/name/nm2138653,https://twitter.com/deepikapadukone,https://www.instagram.com/deepikapadukone/,https://www.facebook.com/DeepikaPadukone,,
,76,Sonam Kapoor Ahuja,Film Actress,https://pro.imdb.com/name/nm2128238,https://twitter.com/sonamakapoor,https://www.instagram.com/sonamkapoor/,https://www.facebook.com/OfficialSonamKapoor,,
,77,Tabu,Film Actress,https://pro.imdb.com/name/nm0007102,NA,https://www.instagram.com/tabutiful/,NA,,
,78,Alia Bhatt,Film Actress,https://pro.imdb.com/name/nm1017633,https://twitter.com/aliaa08,https://www.instagram.com/aliaabhatt/,https://www.facebook.com/pg/ImAliaaBhatt,,
,79,Anushka Sharma,Film Actress,https://pro.imdb.com/name/nm3087728,https://twitter.com/AnushkaSharma,https://www.instagram.com/anushkasharma/,https://www.facebook.com/AnushkaSharmaOfficial,,
,80,Priyanka Chopra,Film Actress,https://pro.imdb.com/name/nm1231899,https://twitter.com/TeamPriyanka,https://www.instagram.com/priyankachopra/,https://www.facebook.com/priyankachopra,,
,81,Shraddha Kapoor,Film Actress,https://pro.imdb.com/name/nm3601766,https://twitter.com/ShraddhaKapoor,https://www.instagram.com/shraddhakapoor/,https://www.facebook.com/ShraddhaKapoor,,
,82,Jacqueline Fernandez,Film Actress,https://pro.imdb.com/name/nm2596365,https://twitter.com/Asli_Jacqueline,https://www.instagram.com/jacquelinef143/,https://www.facebook.com/AsliJacquelineFernandez,,
,83,Parineeti Chopra,Film Actress,https://pro.imdb.com/name/nm4495174,https://twitter.com/ParineetiChopra,https://www.instagram.com/parineetichopra/,https://www.facebook.com/ParineetiChopraOfficial,,
,84,Sonakshi Sinha,Film Actress,https://pro.imdb.com/name/nm3848064,https://twitter.com/sonakshisinha,https://www.instagram.com/aslisona/,https://www.facebook.com/sonakshisinhaofficial,,
,85,Bipasha Basu,Film Actress,https://pro.imdb.com/name/nm0060607,https://twitter.com/bipsluvurself,https://www.instagram.com/bipashabasu/,https://www.facebook.com/BipashaBasu,,
,86,Shilpa Shetty Kundra,Film Actress,https://pro.imdb.com/name/nm0792908,https://twitter.com/TheShilpaShetty,https://www.instagram.com/theshilpashetty/,https://www.facebook.com/TheShilpaShetty,,
,87,Shruti Haasan,Film Actress,https://pro.imdb.com/name/nm1599046,https://twitter.com/shrutihaasan,https://www.instagram.com/shrutzhaasan.official/,https://www.facebook.com/ShrutiHaasan,,
,88,Vidya Balan,Film Actress,https://pro.imdb.com/name/nm1799038,https://twitter.com/vidya_balan,https://www.instagram.com/balanvidya/,https://www.facebook.com/RealVidyaBalan,,
,89,Kajol,Film Actress,https://pro.imdb.com/name/nm0004418,https://twitter.com/KajolAtUN,https://www.instagram.com/kajol/,https://www.facebook.com/KajolDevgan,,
,90,Juhi Chawla,Film Actress,https://pro.imdb.com/name/nm0004487,https://twitter.com/iam_juhi,https://www.instagram.com/iamjuhichawla/,https://www.facebook.com/IamJuhiChawla,,
,91,Katrina Kaif,Film Actress,https://pro.imdb.com/name/nm1229940,https://twitter.com/ikatrinakaf,https://www.instagram.com/katrinakaif/,https://www.facebook.com/KatrinaKaif,,
,92,Kriti Sanon,Film Actress,https://pro.imdb.com/name/nm5305841,https://twitter.com/kritisanon,https://www.instagram.com/kritisanon/,https://www.facebook.com/OfficialKS10,,
,93,Rakul Preet Singh,Film Actress,https://pro.imdb.com/name/nm5114849,https://twitter.com/Rakulpreet,https://www.instagram.com/rakulpreet/,https://www.facebook.com/ActressRakulPreet,,
,94,Raveena Tandon,Film Actress,https://pro.imdb.com/name/nm0849199,https://twitter.com/TandonRaveena,https://www.instagram.com/officialraveenatandon/,https://www.facebook.com/RaveenaTandonOfficial,,
,95,Sunny Leone,Film Actress,https://pro.imdb.com/name/nm1293381,https://twitter.com/SunnyLeone,https://www.instagram.com/sunnyleone/,https://www.facebook.com/sunnyleone,,
,96,Yami Gautam,Film Actress,https://pro.imdb.com/name/nm4417069,https://twitter.com/yamigautam,https://www.instagram.com/yamigautam/,https://www.facebook.com/YamiGautam,,
,97,Soha Ali Khan,Film Actress,https://pro.imdb.com/name/nm1675786,https://twitter.com/sakpataudi,https://www.instagram.com/sakpataudi/,https://www.facebook.com/SohaAliKhanPataudi,,
,98,Preity Zinta,Film Actress,https://pro.imdb.com/name/nm0006689,https://twitter.com/realpreityzinta,https://www.instagram.com/realpz/,https://www.facebook.com/officialpz,,
,99,Sridevi,Film Actress,https://pro.imdb.com/name/nm0004437,https://twitter.com/SrideviBKapoor,https://www.instagram.com/sridevi.kapoor/,NA,,
,100,Dia Mirza,Film Actress,https://pro.imdb.com/name/nm1069850,https://twitter.com/deespeak,https://www.instagram.com/diamirzaofficial/,https://www.facebook.com/DiaMirzaOfficial,,
,101,Neha Dhupia,Film Actress,https://pro.imdb.com/name/nm1226448,https://twitter.com/NehaDhupia,https://www.instagram.com/nehadhupia/,https://www.facebook.com/nehadhupiaofficial,,
,102,Sushmita Sen,Film Actress,https://pro.imdb.com/name/nm0784047,https://twitter.com/thesushmitasen,https://www.instagram.com/sushmitasen47/,https://www.facebook.com/thesushmitasen,,
,103,Konkona Sen Sharma,Film Actress,https://pro.imdb.com/name/nm1234298,https://twitter.com/konkonas,https://www.instagram.com/konkona/,NA,,
,104,Nargis Fakhri,Film Actress,https://pro.imdb.com/name/nm3668216,https://twitter.com/NargisFakhri,https://www.instagram.com/nargisfakhri/,https://www.facebook.com/NargisFakhri,,
,105,Tamannaah Bhatia,Film Actress,https://pro.imdb.com/name/nm1961459,https://twitter.com/tamannaahspeaks,https://www.instagram.com/tamannaahspeaks/,https://www.facebook.com/Tamannaah,,
,106,Ileana D'Cruz,Film Actress,https://pro.imdb.com/name/nm2299825,https://twitter.com/Ileana_Official,https://www.instagram.com/ileana_official/,https://www.facebook.com/IleanaDCruz,,
,107,Taapsee Pannu,Film Actress,https://pro.imdb.com/name/nm3966456,https://twitter.com/taapsee,https://www.instagram.com/taapsee/,https://www.facebook.com/taapseeofficial,,
,108,Huma Qureshi,Film Actress,https://pro.imdb.com/name/nm4806622,https://twitter.com/humasqureshi,https://www.instagram.com/iamhumaq/,https://www.facebook.com/huma.qureshi,,
,109,Kajal Aggarwal,Film Actress,https://pro.imdb.com/name/nm2570245,https://twitter.com/MsKajalAggarwal,https://www.instagram.com/kajalaggarwalofficial/,https://www.facebook.com/ImKajalAggarwal,,
,110,Pooja Hegde,Film Actress,https://pro.imdb.com/name/nm5249562,https://twitter.com/hegdepooja,https://www.instagram.com/hegdepooja/,https://www.facebook.com/PoojaHegde,,
,111,Genelia Deshmukh,Film Actress,https://pro.imdb.com/name/nm1299510,https://twitter.com/geneliad,https://www.instagram.com/geneliad/,https://www.facebook.com/GeneliadOfficial,,
,112,Elli Avram,Film Actress,https://pro.imdb.com/name/nm5675978,https://twitter.com/ElliAvrRam,NA,https://www.facebook.com/ElliAvrram,,
,113,Lauren Gottlieb,Film Actress,https://pro.imdb.com/name/nm2689943,https://twitter.com/LaurenGottlieb,https://www.instagram.com/laurengottlieb/,https://www.facebook.com/LaurenGottliebofficial,,
,114,Ameesha Patel,Film Actress,https://pro.imdb.com/name/nm0665349,https://twitter.com/ameesha_patel,https://www.instagram.com/ameeshapatel9/,https://www.facebook.com/Ameesha-Patel-184288354978952,,
,115,Evelyn Sharma,Film Actress,https://pro.imdb.com/name/nm1907272,https://twitter.com/evelyn_sharma,https://www.instagram.com/evelyn_sharma/,https://www.facebook.com/OfficialEvelynSharma,,
,116,Parvathy Omanakuttan,Film Actress,https://pro.imdb.com/name/nm4273257,https://twitter.com/ParvathyO_1303,https://www.instagram.com/parvathyo13/,https://www.facebook.com/ParvathyOmanakuttan,,
,117,Akshara Haasan,Film Actress,https://pro.imdb.com/name/nm7432227,https://twitter.com/aksharaHassan,https://www.instagram.com/aksharaa.haasan/,https://www.facebook.com/AksharaHaasan,,
,118,Aishwarya Rai Bachchan,Film Actress,https://pro.imdb.com/name/nm0706787,https://twitter.com/_aishwaryarai,https://www.instagram.com/aishwaryaraibachchan_arb/,https://www.facebook.com/AishwariyaRaiBachchan,,
,119,Mallika Sherawat,Film Actress,https://pro.imdb.com/name/nm1324246,https://twitter.com/mallikasherawat,https://www.instagram.com/mallikasherawat/,https://www.facebook.com/MallikaSherawat,,
,120,Amyra Dastur,Film Actress,https://pro.imdb.com/name/nm5711339,https://twitter.com/AmyraDastur93,https://www.instagram.com/amyradastur93/,https://www.facebook.com/AmyraDastur.JKT,,
,121,Daisy Shah,Film Actress,https://pro.imdb.com/name/nm2207567,https://twitter.com/ShahDaisy25,https://www.instagram.com/shahdaisy/,https://www.facebook.com/ShahDaisyOfficial,,
,122,Kangana Ranaut,Film Actress,https://pro.imdb.com/name/nm2144007,https://twitter.com/KanganRanaut,https://www.instagram.com/team_kangana_ranaut/,https://www.facebook.com/pg/TeamKanganaRanautOfficial,,
,123,Radhika Apte,Film Actress,https://pro.imdb.com/name/nm2331000,https://twitter.com/radhika_apte,https://www.instagram.com/radhikaapte_/,https://www.facebook.com/Radapte,,
,124,Kareena Kapoor Khan,Film Actress,https://pro.imdb.com/name/nm0004626,https://twitter.com/KareenaMania,https://www.instagram.com/kareenamania/,https://www.facebook.com/OfficialPageKareenaKapoor,,
,125,Bhumi Pednekar,Film Actress,https://pro.imdb.com/name/nm6277267,https://twitter.com/psbhumi,https://www.instagram.com/psbhumi/,https://www.facebook.com/BhumiPednekarOfficial,,
,126,Kalki Koechlin,Film Actress,https://pro.imdb.com/name/nm3202701,https://twitter.com/kalkikanmani,https://www.instagram.com/kalkikoechlin/,https://www.facebook.com/KalkiKoechin,,
,127,Diana Penty,Film Actress,https://pro.imdb.com/name/nm5069465,https://twitter.com/DianaPenty,https://www.instagram.com/dianapenty/,https://www.facebook.com/DianaPenty,,
,128,Zareen Khan,Film Actress,https://pro.imdb.com/name/nm3768934,https://twitter.com/zareen_khan,https://www.instagram.com/zareenkhan/,https://www.facebook.com/ZareenKhanOfficial,,
,129,Aditi Rao Hydari,Film Actress,https://pro.imdb.com/name/nm2390814,https://twitter.com/aditiraohydari,https://www.instagram.com/aditiraohydari/,https://www.facebook.com/AditiRaoHydari,,
,130,Kiara Advani,Film Actress,https://pro.imdb.com/name/nm6442009,https://twitter.com/Advani_Kiara,https://www.instagram.com/kiaraaliaadvani/,https://www.facebook.com/KiaraAdvani,,
,131,Neha Sharma,Film Actress,https://pro.imdb.com/name/nm2777281,https://twitter.com/Officialneha,https://www.instagram.com/nehasharmaofficial/,https://www.facebook.com/pg/officialneha,,
,132,Sonali Bendre,Film Actress,https://pro.imdb.com/name/nm0007114,https://twitter.com/iamsonalibendre,https://www.instagram.com/iamsonalibendre/,https://www.facebook.com/IAmSonaliBendre,,
,133,Shriya Saran,Film Actress,https://pro.imdb.com/name/nm1328152,https://twitter.com/shriya1109,https://www.instagram.com/shriya_saran1109/,https://www.facebook.com/ShriyaSaran,,
,134,Chitrangda Singh,Film Actress,https://pro.imdb.com/name/nm1696711,https://twitter.com/IChitrangda,https://www.instagram.com/iamchitrangda/,https://www.facebook.com/ChitrangdaSinghOfficial,,
,135,Malaika Arora Khan,Film Actress,https://pro.imdb.com/name/nm0037019,https://twitter.com/malaikarorakhan,https://www.instagram.com/malaikaarorakhanofficial/,https://www.facebook.com/MalaikaAroraKhanFans,,
,136,Kriti kharbanda,Film Actress,https://pro.imdb.com/name/nm3713653,https://twitter.com/kriti_official,https://www.instagram.com/kriti.kharbanda/,https://www.facebook.com/KritiOfficial,,
,137,Esha Gupta,Film Actress,https://pro.imdb.com/name/nm3373271,https://twitter.com/eshagupta2811,https://www.instagram.com/egupta/,https://www.facebook.com/EshaGuptaOfficial,,
,138,Urvashi Rautela,Film Actress,https://pro.imdb.com/name/nm5856898,https://twitter.com/urvashimrautela,https://www.instagram.com/urvashirautela/,https://www.facebook.com/ImUrvashiRautela,,
,139,Lisa Haydon,Film Actress,https://pro.imdb.com/name/nm3629863,https://twitter.com/HaydonLisa,https://www.instagram.com/lisahaydon/,https://www.facebook.com/LisaHaydonOfficial,,
,140,Surveen Chawla,Film Actress,https://pro.imdb.com/name/nm4015689,https://twitter.com/SurveenChawla,https://www.instagram.com/surveenchawla/,https://www.facebook.com/SurveenChawla,,
,141,Rhea Chakraborty,Film Actress,https://pro.imdb.com/name/nm5599013,https://twitter.com/Tweet2Rhea,https://www.instagram.com/rhea_chakraborty/,https://www.facebook.com/RheaChakrabortyOfficial,,
,142,Pooja Bhat,Film Actress,https://pro.imdb.com/name/nm0080324,https://twitter.com/poojab1972,NA,https://www.facebook.com/PoojaBhattOfficial,,
,143,Rani Mukerji,Film Actress,https://pro.imdb.com/name/nm0611552,NA,https://www.instagram.com/ranimukerji_official/,https://www.facebook.com/RANIMUKERJl,,
,,,,,,,,,
,1,AR Murugadoss,Director,https://pro.imdb.com/name/nm1436693,https://twitter.com/armurugadoss,https://www.instagram.com/a.r.murugadoss,https://www.facebook.com/OfficialARMurugadoss,,
,2,Abbas Alibhai Burmawalla,Director,https://pro.imdb.com/name/nm0122216,,,,,
,3,Mastan Alibhai Burmawalla,Director,https://pro.imdb.com/name/nm0122217,https://twitter.com/theabbasmustan,NA,https://www.facebook.com/TheAbbasMustan/,,
,4,Abhishek Kapoor,Director,https://pro.imdb.com/name/nm0438461,http://www.twitter.com/abhishekapoor,http://www.instagram.com/gattukapoor,https://www.facebook.com/kapoorabhishek,,
,5,Anurag Basu,Director,https://pro.imdb.com/name/nm1397301,https://twitter.com/basuanurag,NA,https://www.facebook.com/BasuAnurag/,,
,6,Anurag Kashyap,Director,https://pro.imdb.com/name/nm0440604,http://www.twitter.com/anuragkashyap72,https://www.instagram.com/anuragkashyap10/,http://www.facebook.com/URTrapped,,
,7,Ashutosh Gowariker,Director,https://pro.imdb.com/name/nm0332950,http://www.twitter.com/ashgowariker,NA,NA,,
,8,Ayan Mukerji,Director,https://pro.imdb.com/name/nm2209781,https://twitter.com/directorayan,https://www.instagram.com/ayanmukerji83/,https://www.facebook.com/ayanmukerji83,,
,9,Farah Khan,Director,https://pro.imdb.com/name/nm0007134,http://www.twitter.com/thefarahkhan,http://www.instagram.com/farahkhankunder,http://www.facebook.com/TheFarahKhan,,
,10,Hansal Mehta,Director,https://pro.imdb.com/name/nm0576554,http://www.twitter.com/mehtahansal,http://www.instagram.com/hansalmehta,http://www.facebook.com/HansalMehtaOfficial,,
,11,Imtiaz Ali,Director,https://pro.imdb.com/name/nm1665004,NA,http://www.instagram.com/imtiazaliofficial,http://www.facebook.com/ImtiazAliOfficial,,
,12,Javed Akhtar,Director,https://pro.imdb.com/name/nm0015287,https://twitter.com/Javedakhtarjadu,https://www.instagram.com/javedjaduofficial/,NA,,
,13,Kabir Khan,Director,https://pro.imdb.com/name/nm1203138,http://www.twitter.com/kabirkhankk,http://www.instagram.com/kabirkhankk,http://www.facebook.com/OfficialKabirKhan,,
,14,Mahesh Bhatt,Director,https://pro.imdb.com/name/nm0080315,http://www.twitter.com/maheshnbhatt,http://www.instagram.com/maheshfilm,http://www.facebook.com/MaheshBhatt,,
,15,Mira Nair,Director,https://pro.imdb.com/name/nm0619762,http://www.twitter.com/mirapaglinair,NA,http://www.facebook.com/themiranair,,
,16,Neeraj Pandey,Director,https://pro.imdb.com/name/nm3109770,http://www.twitter.com/neerajpofficial,https://www.instagram.com/neerajpofficial/,http://www.facebook.com/neerajpofficial,,
,17,Pradeep Sarkar,Director,https://pro.imdb.com/name/nm1224879,https://twitter.com/pradeepsrkar,NA,https://www.facebook.com/pradeepown,,
,18,Prakash Jha,Director,https://pro.imdb.com/name/nm0422552,http://www.twitter.com/prakashjha27,NA,NA,,
,19,Rajkumar Hirani,Director,https://pro.imdb.com/name/nm0386246,http://www.twitter.com/rajkumarhirani,https://www.instagram.com/hirani.rajkumar/,https://www.facebook.com/officialrajkumarhirani1/,,
,20,Rajkumar Santoshi,Director,https://pro.imdb.com/name/nm0764316,https://twitter.com/RajSantoshi,NA,https://www.facebook.com/profile.php?id=100012801554836,,
,21,Rakesh Roshan,Director,https://pro.imdb.com/name/nm0004363,http://www.twitter.com/rakeshroshan_n,NA,NA,,
,22,Rakeysh Omprakash Mehra,Director,https://pro.imdb.com/name/nm1018493,http://www.twitter.com/rakeyshommehra,https://www.instagram.com/rakeyshommehra/,NA,,
,23,Ram Gopal Varma,Director,https://pro.imdb.com/name/nm0890060,https://twitter.com/RGVzoomin,http://www.instagram.com/rgvzoomin,http://www.facebook.com/RGV,,
,24,Ramesh Sippy,Director,https://pro.imdb.com/name/nm0802693,https://twitter.com/rgsippy,NA,https://www.facebook.com/ramesh.sippy.549,,
,25,Rohit Shetty,Director,https://pro.imdb.com/name/nm1460159,https://twitter.com/iamrohitshetty,http://www.instagram.com/itsrohitshetty,http://www.facebook.com/itsrohitshetty,,
,26,SS Rajamouli,Director,https://pro.imdb.com/name/nm1442514,http://www.twitter.com/ssrajamouli,https://www.instagram.com/ssrajamouli/,http://www.facebook.com/SSRajamouli,,
,27,Shakun Batra,Director,https://pro.imdb.com/name/nm2439708,https://twitter.com/shakunbatra,https://www.instagram.com/shakunbatra/,https://www.facebook.com/shakunbatra,,
,28,Shekhar Kapur,Director,https://pro.imdb.com/name/nm0001408,http://www.twitter.com/shekharkapur,http://www.instagram.com/shekharkapur,https://www.facebook.com/shekharkapur,,
,29,Subhash Ghai,Director,https://pro.imdb.com/name/nm0007131,http://www.twitter.com/subhashghai1,http://www.instagram.com/subhashghai1,https://www.facebook.com/subhashghai,,
,30,Sudhir Mishra,Director,https://pro.imdb.com/name/nm0592803,http://www.twitter.com/iamsudhirmishra,https://www.instagram.com/sudhir.mishra1971/,NA,,
,31,Tigmanshu Dhulia,Director,https://pro.imdb.com/name/nm0223606,NA,https://www.instagram.com/tigmanshu_d/,https://www.facebook.com/tigmanshu.dhulia.1,,
,32,Vidhu Vinod Chopra,Director,https://pro.imdb.com/name/nm0006765,https://twitter.com/IVidhuVChopra,NA,NA,,
,33,Vikram Bhatt,Director,https://pro.imdb.com/name/nm0080333,http://www.twitter.com/thevikrambhatt,http://www.instagram.com/vikrampbhatt,http://www.facebook.com/VikramBhattOfficial,,
,34,Vishal Bhardwaj,Director,https://pro.imdb.com/name/nm0080235,https://twitter.com/VishalBhardwaj,https://www.instagram.com/vbfilmsofficial/,https://www.facebook.com/VishalBhardwajOfficial/,,
,35,Ajay Bijli,Producer,https://pro.imdb.com/name/nm3035421,NA,NA,https://www.facebook.com/ajay.bijli,,
,36,Apoorva Mehta,Producer,https://pro.imdb.com/name/nm2118923,https://twitter.com/apoorvamehta18,https://www.instagram.com/apoorva1972/,NA,,
,37,Bhushan Kumar,Producer,https://pro.imdb.com/name/nm1024685,https://twitter.com/itsBhushanKumar,https://www.instagram.com/its_bhushankumar/,NA,,
,38,Ekta Kapoor,Producer,https://pro.imdb.com/name/nm0438471,http://www.twitter.com/ektaravikapoor,http://www.instagram.com/ektaravikapoor,http://www.facebook.com/EktaRaviKapoor,,
,39,Gauri Khan,Producer,https://pro.imdb.com/name/nm0451215,http://www.twitter.com/gaurikhan,http://www.instagram.com/gaurikhan,http://www.facebook.com/GauriKhanOfficial,,
,40,Harindra Singh,Producer,NA,NA,https://www.instagram.com/harry_2311/,https://www.facebook.com/harry1508,,
,41,Jayantilal Gada,Producer,https://pro.imdb.com/name/nm1769270,https://twitter.com/jayantilalgada,NA,http://www.facebook.com/JayantilalGadaOfficial,,
,42,Kumar S. Taurani,Producer,https://pro.imdb.com/name/nm4353263,https://twitter.com/kumartaurani,NA,https://www.facebook.com/kumartaurani/,,
,43,Monisha Advani,Producer,https://pro.imdb.com/name/nm5548228,http://www.twitter.com/monishaadvani,https://www.instagram.com/onlyemmay/,NA,,
,44,Mukesh Bhatt,Producer,https://pro.imdb.com/name/nm0080319,NA,https://www.instagram.com/mukesh55661/,https://www.facebook.com/MukeshBhattOfficial/,,
,45,Nikkhil Advani,Producer,https://pro.imdb.com/name/nm0012541,http://www.twitter.com/nikkhiladvani,https://www.instagram.com/nikkhiladvani/,https://www.facebook.com/NikkhilAdvani/,,
,46,Ramesh S. Taurani,Producer,https://pro.imdb.com/name/nm0851523,https://twitter.com/RameshTaurani,https://www.instagram.com/rameshtaurani/,http://www.facebook.com/ramesh.taurani.9,,
,47,Ritesh Sidhwani,Producer,https://pro.imdb.com/name/nm1032700,http://www.twitter.com/ritesh_sid,http://www.instagram.com/ritesh_sid,http://www.facebook.com/SidhwaniRitesh,,
,48,Ronnie Screwvala,Producer,https://pro.imdb.com/name/nm0780098,http://www.twitter.com/ronniescrewvala,https://www.instagram.com/screwvalaronnie/,http://www.facebook.com/RonnieScrewvala,,
,49,Sajid Nadiadwala,Producer,https://pro.imdb.com/name/nm0618898,http://www.twitter.com/wardanadiadwala,http://www.instagram.com/wardakhannadiadwala,http://www.facebook.com/WardaKhanNadiadwala,,
,50,Sanjay Leela Bhansali,Producer,https://pro.imdb.com/name/nm0080220,NA,https://www.instagram.com/sanjayleelabhansali/,NA,,
,51,Sanjeev K Bijli,Producer,https://pro.imdb.com/name/nm3034794,https://twitter.com/SanjeevBijli,https://www.instagram.com/sanjeevkbijli/,https://www.facebook.com/sanjeev.bijli,,
,52,Sooraj Barjatya,Producer,https://pro.imdb.com/name/nm0054744,http://www.twitter.com/rajjatbarjatya,NA,https://www.facebook.com/rajshri.brajatiya.1,,
,53,Subhash Chandra,Producer,https://pro.imdb.com/name/nm1934301,http://www.twitter.com/subhashchandra,http://www.instagram.com/_subhashchandra,http://www.facebook.com/DrSubhashChandraDSC,,
,54,Sunil Lulla,Producer,https://pro.imdb.com/name/nm2602251,https://twitter.com/SunilLulla,https://www.instagram.com/sunillulla/,NA,,
,55,Twinkle Khanna,Producer,https://pro.imdb.com/name/nm0007012,https://twitter.com/mrsfunnybones,http://www.instagram.com/twinklerkhanna,http://www.facebook.com/TwinkleRKhanna,,
,56,Uday Chopra,Producer,https://pro.imdb.com/name/nm0159167,http://www.twitter.com/udaychopra,http://www.instagram.com/udayc,http://www.facebook.com/UdayChopraOfficial,,
,57,Vikramaditya Motwane,Producer,https://pro.imdb.com/name/nm0003939,https://twitter.com/VikramMotwane,https://www.instagram.com/vikramadityamotwane/,https://www.facebook.com/vikramaditya.motwane.3,,
,,,,,,,,,
,,,,,,,,,
,1,Rajeev Masand,Reviews,NA,http://www.twitter.com/rajeevmasand,https://www.instagram.com/rajeevmasand,http://www.facebook.com/rajeevmasandthemovieguy,https://www.youtube.com/channel/UCvapa0SZ7_vwks-OtvFBqDw,
,2,Anupama Chopra,Reviews,NA,http://www.twitter.com/anupamachopra,https://www.instagram.com/anupama.chopra,http://www.facebook.com/anupamachopraofficial,https://www.youtube.com/channel/UC55os7K-eMLTJy_aXzm5sHw,
,3,Komal Nahta,Reviews,NA,https://twitter.com/komalnahta,NA,https://www.facebook.com/komal.nahta,https://www.youtube.com/channel/UCtUUn8bzNYl10hFiWwn2ZbA,
,4,Taran Adarsh,Reviews,NA,http://www.twitter.com/taran_adarsh,http://www.instagram.com/taranadarsh,http://www.facebook.com/TaranAdarshOfficial,https://www.youtube.com/channel/UC6lZtNQcwAoV3Zu_B63_ZIg,
,5,Mayank Shekhar,Reviews,NA,https://twitter.com/mayankw14,NA,https://www.facebook.com/mayank1012/,NA,
,6,Khalid Mohamed,Reviews,NA,https://twitter.com/Jhajhajha,https://www.instagram.com/khalidmohamed9487,https://www.facebook.com/justkhalid,NA,
,7,Baradwaj Rangan,Reviews,NA,https://twitter.com/baradwajrangan,https://www.instagram.com/baradwajrangan/,https://www.facebook.com/ranganbaradwaj/,NA,
,8,Raja Sen,Reviews,NA,https://twitter.com/rajasen,NA,https://www.facebook.com/RajaSenCritic/,NA,
,9,Omar Qureshi,Reviews,NA,https://twitter.com/oqspot,https://www.instagram.com/oqspot,https://www.facebook.com/omarqureshi/,NA,
,10,Pratim D Gupta,Reviews,NA,http://www.twitter.com/pratimdgupta,NA,NA,NA,
,11,Siddharth Kannan,Reviews,NA,http://www.twitter.com/sidkannan,http://www.instagram.com/sid_kannan,http://www.facebook.com/sidk313,https://www.youtube.com/channel/UCjS8OCmHuWdl5aWDUuU0M4g,
,12,Amod Mehra,Reviews,NA,https://twitter.com/MehraAmod,NA,https://www.facebook.com/amodmehra,NA,
,13,Shubhra Gupta,Reviews,NA,https://twitter.com/shubhragupta,NA,https://www.facebook.com/shubhra.gupta,NA,
,14,Aseem Chhabra,Reviews,NA,https://twitter.com/chhabs,https://www.instagram.com/chhabs2,https://www.facebook.com/aseemc22,NA,
,15,Tanul Thakur,Reviews,NA,https://twitter.com/Plebeian42,NA,https://www.facebook.com/tanul.thakur,NA,
,16,Sahil Rizwan,Reviews,NA,https://twitter.com/sahilriz,https://www.instagram.com/sahilriz,https://www.facebook.com/thevigilidiot,NA,
,17,Sreehari Nair,Reviews,NA,NA,NA,https://www.facebook.com/sreehari.nair.92,NA,
,18,Rahul Desai,Reviews,NA,https://twitter.com/reelreptile,https://www.instagram.com/rahulnoless/,https://www.facebook.com/rahulnoless,NA,
,19,Vinit Masram,Reviews,NA,https://twitter.com/vinitmasram,https://www.instagram.com/vinitmasram,https://www.facebook.com/vinitmasram07,https://www.youtube.com/channel/UC9uNpqgB0PfH1-hHQrUWXyw,
,,,,,,,,,
,,,,,,,,,
,1,Aamir Khan Productions,Production House,https://pro.imdb.com/company/co0026618,NA,https://www.instagram.com/aamirkhanproductions/,NA,https://www.youtube.com/user/AamirKhanProductions,Aamir Khan | Kiran Rao | Mansoor Khan
,2,Ajay Devgn FFilms,Production House,https://pro.imdb.com/company/co0489670,https://twitter.com/ajdevgnfilms,https://www.instagram.com/ajaydevgnfilms/,NA,NA,Ajay Devgn
,3,Anil Kapoor Film Company,Production House,https://pro.imdb.com/company/co0149794,NA,https://www.instagram.com/anilkapoorfilmcompany/,NA,NA,
,4,Ashutosh Gowariker Productions,Production House,https://pro.imdb.com/company/co0132158,https://twitter.com/agppl_tweets,https://www.instagram.com/agpplofficial/,http://www.facebook.com/AGPPL,https://www.youtube.com/user/agppl,
,5,Balaji Telefilms,Production House,https://pro.imdb.com/company/co0121332,https://twitter.com/balajimotionpic,https://www.instagram.com/balajitelefilmslimited/,https://www.facebook.com/Balajimotionpictures/?ref=br_rs,https://www.youtube.com/user/balajitelefilms,Jeetendra | Shobha Kapoor | Ekta Kapoor | Tusshar Kapoor
,6,Benaras Mediaworks,Production House,https://pro.imdb.com/company/co0426547,NA,NA,https://www.facebook.com/BenarasMediaWorks/,https://www.youtube.com/channel/UCOCBdMRXS7eff7pMqSWGhmQ,
,7,Clean Slate Films,Production House,https://pro.imdb.com/company/co0418945,https://twitter.com/OfficialCSFilms,https://www.instagram.com/OfficialCSFilms/,https://www.facebook.com/OfficialCSFilms,https://www.youtube.com/channel/UCEuFbZpSn2F04cURjvEELmg,Anushka Sharma | Karnesh Sharma
,8,Colour Yellow Productions,Production House,https://pro.imdb.com/company/co0599270,https://twitter.com/cypplOfficial,https://www.instagram.com/cypplofficial/,https://www.facebook.com/ColourYellowProductions,https://www.youtube.com/channel/UCzcPG7uIA-R82YR1xB86Wcw,Aanand L. Rai | Himanshu Sharma
,9,DAR Motion Pictures,Production House,https://pro.imdb.com/company/co0298225,https://twitter.com/DarMovies,https://www.instagram.com/darmotionpictures/,https://www.facebook.com/darmotionpictures,https://www.youtube.com/user/thedarmotionpictures,Arun Rangachari | Vivek Rangachari | Sethumadhavan N
,10,Dharma Productions,Production House,https://pro.imdb.com/company/co0078768,http://twitter.com/DharmaMovies,https://www.instagram.com/dharmamovies/,https://www.facebook.com/DharmaMovies,https://www.youtube.com/user/DharmaMovies,Apoorva Mehta | Hiroo Yash Johar | Karan Johar
,11,Emmay Entertainment,Production House,https://pro.imdb.com/company/co0415569,https://twitter.com/EmmayEntertain,https://instagram.com/emmayentertainment/,https://www.facebook.com/EmmayEntertainment,https://www.youtube.com/user/EmmayEntertainment,Nikkhil Advani | Monisha Advani | Madhu G Bhojwani
,12,Eros International,Production House,https://pro.imdb.com/company/co0050176,https://twitter.com/erosintl,https://www.instagram.com/erosnow/,https://www.facebook.com/erosnow,https://www.youtube.com/user/erosentertainment,Kishore Lulla | Sunil Lulla
,13,Excel Entertainment,Production House,https://pro.imdb.com/company/co0019447,https://twitter.com/excelmovies,https://www.instagram.com/excelmovies/,https://www.facebook.com/excelentertainment,https://www.youtube.com/user/excelmovies,Ritesh Sidhwani | Farhan Akhtar
,14,FilmKraft Production,Production House,https://pro.imdb.com/company/co0007698,https://twitter.com/FilmKRAFTfilms,https://www.instagram.com/kaabilthemovie/,https://www.facebook.com/FilmKRAFTfilms,https://www.youtube.com/user/krrish3thefilm,Rakesh Roshan
,15,Friday Filmworks,Production House,https://pro.imdb.com/company/co0245652,https://twitter.com/FFW_Official,https://www.instagram.com/fridayfilmworks/,https://www.facebook.com/FridayFilmworks/,https://www.youtube.com/channel/UCfswJYBywioJ1qzl_4tiAfA,
,16,Fox Star Studios,Production House,https://pro.imdb.com/company/co0266060,https://twitter.com/foxstarindia,https://www.instagram.com/foxstarindia/,https://www.facebook.com/FoxStarIndia,https://www.youtube.com/user/FoxStarIndia,Vijay Singh
,17,Hari Om Entertainment,Production House,https://pro.imdb.com/company/co0336221,NA,NA,https://www.facebook.com/HariOmProductions,NA,Akshay Kumar | Aruna Bhatia | Twinkle Khanna
,18,Mukta Arts,Production House,https://pro.imdb.com/company/co0066395,https://twitter.com/MuktaArtsLtd,NA,https://www.facebook.com/MuktaArts,https://www.youtube.com/user/muktaart,Subhash Ghai
,19,Nadiadwala Grandson Entertainment,Production House,https://pro.imdb.com/company/co0183118,https://twitter.com/NGEMovies,https://www.instagram.com/nadiadwalagrandson/,https://www.facebook.com/NGEMovies,https://www.youtube.com/user/NadiadwalaGrandson,Sajid Nadiadwala
,20,Pen India Limited,Production House,https://pro.imdb.com/company/co0329947,https://twitter.com/PenMovies,http://instagram.com/PenMovies,https://www.facebook.com/PenMovies,https://www.youtube.com/user/PenIndiaPvtLimited,Jayantilal Gada | Dhaval Gada | Kushal Kantilal Gada
,21,Percept Picture Company,Production House,https://pro.imdb.com/company/co0132496,https://twitter.com/PerceptPictures,https://www.instagram.com/perceptpicture_official/,https://www.facebook.com/perceptpictures,https://www.youtube.com/channel/UC-zx3kljsup0yXOBZg-H0Vg,Harindra Singh
,22,Phantom Films,Production House,https://pro.imdb.com/company/co0362371,https://twitter.com/FuhSePhantom,https://www.instagram.com/fuhsephantom/,https://www.facebook.com/FuhSe,https://www.youtube.com/user/FuhSePhantom,Anurag Kashyap | Vikramaditya Motwane | Vikas Bahl | Madhu Mantena
,23,Prakash Jha Productions,Production House,https://pro.imdb.com/company/co0006733,https://twitter.com/PJP_Online,https://www.instagram.com/prakashjproductions/,https://www.facebook.com/PJPPL,https://www.youtube.com/user/cinemawithpower,Prakash Jha
,24,Purple Pebble Pictures,Production House,https://pro.imdb.com/company/co0609479,https://twitter.com/PurplePebblePic,https://www.instagram.com/purplepebblepictures/,https://www.facebook.com/PurplePebblePicturesOfficial,https://www.youtube.com/channel/UC1x3Wc4E5eHpIVvF9mN1xJg,Priyanka Chopra
,25,PVR Pictures,Production House,https://pro.imdb.com/company/co0173735,http://twitter.com/PicturesPVR,https://www.instagram.com/pvrpictures/,https://www.facebook.com/pvr.pictures,https://www.youtube.com/user/PvrPictures,Ajay Bijli | Sanjeev K Bijli
,26,Rajkumar Hirani Films,Production House,https://pro.imdb.com/company/co0504896,NA,https://www.instagram.com/p/Blu0CIHnG91,https://www.facebook.com/RajkumarHiraniFilms,https://www.youtube.com/channel/UCRL0O--hqpwaHfZpNwj7ZFw,Rajkumar Hirani
,27,Rajshri Productions,Production House,https://pro.imdb.com/company/co0023532,https://twitter.com/Rajshri,https://www.instagram.com/rajshrifilms/,https://www.facebook.com/rajshri,https://www.youtube.com/user/rajshri,Sooraj Barjatya | Kavita K. Barjatya
,28,Red Chillies Entertainment,Production House,https://pro.imdb.com/company/co0125539,https://twitter.com/RedChilliesEnt,https://www.instagram.com/redchilliesent,https://www.facebook.com/RedChilliesEnt,https://www.youtube.com/user/ChennaiExp2013/,Shah Rukh Khan | Gauri Khan
,29,Reliance Entertainment,Production House,https://pro.imdb.com/company/co0336601,http://www.twitter.com/RelianceEnt,https://www.instagram.com/reliance.entertainment,https://www.facebook.com/RelianceEntertainment,https://www.youtube.com/user/bigpictures,Anil Ambani | Tina Ambani | Anmol Ambani
,30,RGV Talkies,Production House,https://pro.imdb.com/company/co0137541,https://twitter.com/RGVzoomin,https://www.instagram.com/rgvzoomin/,https://www.facebook.com/RgvTalkiesOfficial,https://www.youtube.com/user/rgv,Ram Gopal Varma
,31,Salman Khan Films,Production House,https://pro.imdb.com/company/co0541353,https://twitter.com/SKFilmsOfficial,https://www.instagram.com/skfilmsofficial/,https://www.instagram.com/skfilmsofficial/,https://www.youtube.com/channel/UCz3Mq_cS7AVRatrpGQi7QUQ,Salman Khan | Salma Khan | Salim Khan
,32,Sanjay Dutt Productions,Production House,https://pro.imdb.com/company/co0326729,https://twitter.com/sanjayduttsprod,https://www.instagram.com/sanjayduttsproductions/,https://www.facebook.com/SanjayDuttsProd,https://www.youtube.com/channel/UCLcWkS3ks-XEkNlHsdgd-5g,Sanjay Dutt
,33,Sanjay Leela Bhansali Films,Production House,https://pro.imdb.com/company/co0666248,https://twitter.com/bhansaliprod_fc,https://www.instagram.com/bhansaliproductionsfc,https://www.facebook.com/bhansaliproductionfc,NA,Sanjay Leela Bhansali
,34,Shree Ashtavinayak Cine Vision,Production House,https://pro.imdb.com/company/co0108404,NA,NA,https://www.facebook.com/shriashtavinayakindialtd,NA,Dhillin Mehta
,35,T-Series,Production House,https://pro.imdb.com/company/co0095683,NA,https://www.instagram.com/tseriesfilms/,https://www.facebook.com/tseriesfilms,https://www.youtube.com/channel/UCY6Oyw79FDcysE9W4NYWiJA,Bhushan Kumar | Krishan Kumar
,36,Tips Industries,Production House,https://pro.imdb.com/company/co0258317,https://twitter.com/TipsFilms,http://www.instagram.com/tipsfilms,https://www.facebook.com/TipsFilms,https://www.youtube.com/user/tipsfilms,Kumar S. Taurani | Ramesh S. Taurani
,37,UTV Motion Pictures,Production House,https://pro.imdb.com/company/co0131238,http://www.twitter.com/UTVfilms,https://www.instagram.com/utvfilms/,https://www.facebook.com/UTVMotionPictures,https://www.youtube.com/user/UTVMotionPictures,Ronnie Screwvala | Zarina Screwvala
,38,Viacom18 Motion Pictures,Production House,https://pro.imdb.com/company/co0328195,https://twitter.com/mantofilm,https://www.instagram.com/mantofilm,https://www.facebook.com/Viacom18MotionPictures,https://www.youtube.com/user/Viacom18Movies,Ajit Andhare 
,39,Vinod Chopra Films,Production House,https://pro.imdb.com/company/co0106826,https://twitter.com/VVCfilms,https://www.instagram.com/vinodchoprafilms/,https://www.facebook.com/vinodchoprafilms,https://www.youtube.com/user/VinodChopraFIlms,Vidhu Vinod Chopra
,40,Vishesh Films,Production House,https://pro.imdb.com/company/co0020031,https://twitter.com/VisheshFilms,https://www.instagram.com/visheshfilms,https://www.facebook.com/VisheshFilms,https://www.youtube.com/channel/UCA6q5E9yd7cSgl8m0TrxOmQ,Mahesh Bhatt | Mukesh Bhatt
,41,Yash Raj Films,Production House,https://pro.imdb.com/company/co0077190,http://twitter.com/yrf,https://instagram.com/yrf,https://www.facebook.com/yrf,https://www.youtube.com/user/yrf,Aditya Chopra | Uday Chopra | Pamela Chopra | Rani Mukerji
,42,Zee Studios,Production House,https://pro.imdb.com/company/co0274702,https://twitter.com/zeestudios_,https://www.instagram.com/zeestudiosofficial/,https://www.facebook.com/ZeeStudios,https://www.youtube.com/channel/UC3jMepkLKF8y4iiwWmAB3RA,Subhash Chandra
,,,,,,,,,
,,,,,,,,,
,1,PVR Cinemas,Cineplex,NA,http://www.twitter.com/_pvrcinemas,https://instagram.com/pvrcinemas_official,http://www.facebook.com/moviesatpvr,https://www.youtube.com/user/PVRChannel,
,2,INOX Cinemas,Cineplex,NA,https://twitter.com/INOXMovies,http://instagram.com/inoxmovies,https://www.facebook.com/INOXLEISURE,https://www.youtube.com/user/moviesatINOX,
,3,Carnival Cinemas,Cineplex,NA,https://twitter.com/CarnivalCine,https://www.instagram.com/carnivalcine/,https://www.facebook.com/CarnivalCinemaIndia/,NA,
,4,Asian Cinemas,Cineplex,NA,https://twitter.com/asiancinemas_,NA,https://www.facebook.com/AsianCinemas/,NA,
,5,Cinepolis,Cineplex,NA,https://twitter.com/IndiaCinepolis,https://www.instagram.com/cinepolisindia/,https://www.facebook.com/CinepolisIndia,https://www.youtube.com/channel/UCpm5tv9eQNuwhatZz9MIg1g,
,6,Miraj Cinemas,Cineplex,NA,https://twitter.com/MirajCinemas,https://instagram.com/mirajcinemas/,https://www.facebook.com/MirajCinemas/,https://www.youtube.com/channel/UCcVaJfAhk3L4kAEAjlGYw2A,
,7,Gold Cinemas,Cineplex,NA,NA,https://instagram.com/goldcinemaofficial/,https://www.facebook.com/goldcinemaofficial,NA,
,8,SRS Cinemas,Cineplex,NA,https://twitter.com/srscinemas,https://www.instagram.com/srs_cinemas/,https://www.facebook.com/SRSCinemas/,NA,
,9,MovieTime Cinemas,Cineplex,NA,https://twitter.com/MovieTimeCinema,https://www.instagram.com/movietimecinemas/,http://www.facebook.com/MovieTimeCinemas,NA,
,10,Mukta A2 Cinemas,Cineplex,NA,https://twitter.com/Muktaa2Cinemas,https://www.instagram.com/muktaa2cinemas,https://www.facebook.com/MuktaA2Cinemas/,https://www.youtube.com/muktaart,
,11,Wave Cinemas,Cineplex,NA,http://twitter.com/Wave_Cinemas,https://www.instagram.com/wavecinemasofficial,https://www.facebook.com/WaveCinemas,https://www.youtube.com/OfficialWaveCinemas,
,,,,,,,,,
,,,,,,,,,
,1,Instant Bollywood,Gossip,NA,https://twitter.com/instantbolly,https://instagram.com/instantbollywood,http://facebook.com/738623526202061,https://www.youtube.com/channel/UCHAysCxLxaSAto8hRwrhzBw,
,2,BiscootTV,Gossip,NA,https://twitter.com/BiscootLive,NA,https://www.facebook.com/BiscootLive,https://www.youtube.com/user/BiscootTV,
,3,Bollywood Bai,Gossip,NA,NA,NA,NA,https://www.youtube.com/user/bollywoodbai,
,4,Bollywood Bubble,Gossip,NA,https://twitter.com/bollybubble,https://www.instagram.com/bollywoodbubble/,https://www.facebook.com/BollywoodBubble,https://www.youtube.com/channel/UCkul0EjxFOR2hS_0tOokGag,
,5,Bollywood Fuzz,Gossip,NA,NA,NA,NA,https://www.youtube.com/user/BollywoodFuzz,
,6,Bollywood Gossip,Gossip,NA,NA,https://www.instagram.com/bollywood_gossip_01/,https://www.facebook.com/Bollywood-Gossip-266745703736838/,https://www.youtube.com/channel/UC7GPkJLAUMegUcEQL7RqFhw,
,7,Bollywood Hungama,Gossip,NA,http://twitter.com/Bollyhungama,NA,http://www.facebook.com/bollywoodhungamacom,https://www.youtube.com/user/hungama,
,8,Bollywood Life,Gossip,NA,https://twitter.com/bollywood_life,NA,https://www.facebook.com/TheBollywoodlife/,https://www.youtube.com/channel/UC2GwMhJ9ffCY5hR_-cIz1Bw,
,9,Bollywood Now,Gossip,NA,http://twitter.com/bollywoodnow,NA,http://facebook.com/bollywoodnow,https://www.youtube.com/user/BollywoodNOW,
,10,Bollywood Punch,Gossip,NA,NA,NA,NA,https://www.youtube.com/channel/UCQubAZpqdncdxXerfbyw4hA,
,11,Bollywood Fan,Gossip,NA,NA,NA,NA,https://www.youtube.com/channel/UCZpkUbzY5RlyjWR6JfbV0Tg,
,12,Celebrity News,Gossip,NA,NA,NA,NA,https://www.youtube.com/channel/UCaYjWXVxleI2aDlpXI8qGOA,
,13,Complete Bollywood,Gossip,NA,NA,NA,NA,https://www.youtube.com/channel/UCknVIVm8mspptFcD1CVKUZA,
,14,Desi Martini,Gossip,NA,NA,NA,https://www.facebook.com/DesimartiniMovies,https://www.youtube.com/user/DesiMartiniMovies,
,15,Home Bollywud,Gossip,NA,NA,NA,NA,https://www.youtube.com/channel/UCfyKktpUgdV5xDEhakicCsw,
,16,KoiMoi,Gossip,NA,https://twitter.com/Koimoi,NA,https://www.facebook.com/koimoidotcom?sk=wall,https://www.youtube.com/user/Koimoi4Bollywood,
,17,Movie Talkies,Gossip,NA,http://www.twitter.com/MovieTalkies,https://www.instagram.com/movietalkies/,http://www.facebook.com/MovieTalkies,https://www.youtube.com/user/movietalkies,
,18,Mr. Reporter,Gossip,NA,https://twitter.com/MrReporter24,NA,https://www.facebook.com/Mr.Reporter24,https://www.youtube.com/channel/UCZyfMdM8fukBBxQvAwgTf5A,
,19,Offscreen Of Stars,Gossip,NA,NA,NA,NA,https://www.youtube.com/channel/UC0UVvqXaH4k2NFkQ2_44Ghw,
,20,Smoky Evening,Gossip,NA,NA,NA,NA,https://www.youtube.com/channel/UCaBlzaQM3i9VmzLTk-rxFGg,
,21,Univrsal Media Pro,Gossip,NA,https://twitter.com/univrslmediapro?lang=en,https://www.instagram.com/univrsalmediapro/,https://www.facebook.com/Univrsalmediapro/,https://www.youtube.com/channel/UCWi865tyDtqp36B1gPAT0ig,
,22,Desimad,Gossip,NA,NA,NA,http://www.facebook.com/desimad,https://www.youtube.com/channel/UCDNPha_jzc0D0HtUTWMT-6w,
,23,Viral Bollywood,Gossip,NA,https://twitter.com/viralbollywood,http://instagram.com/viralbollywood,https://www.facebook.com/viralbollywood,https://www.youtube.com/user/viralbollywood,
,24,Bollywood Hangover,Gossip,NA,http://twitter.com/Bollywood_Nitin,NA,http://www.facebook.com/BollywoodHangover,https://www.youtube.com/user/bollywoodhangover,
,25,Bollywood 360,Gossip,NA,NA,NA,NA,https://www.youtube.com/user/bollywood360,
,26,Bollywood CIA,Gossip,NA,NA,NA,NA,https://www.youtube.com/user/BollywoodCIA,
,27,Page3 Buzz,Gossip,NA,NA,NA,NA,https://www.youtube.com/user/Page3Buzz,
,28,Taki Sawant,Gossip,NA,http://www.twitter.com/takisawant,NA,http://www.facebook.com/takisawant,https://www.youtube.com/user/takisawant,
,29,Bollywood Backstage,Gossip,NA,https://twitter.com/#!/BollywoodBstage,NA,http://www.facebook.com/bollywoodbackstage,https://www.youtube.com/user/bollywoodbackstage,
,30,Bollywood Chakkar,Gossip,NA,NA,NA,NA,https://www.youtube.com/user/UnitezzMediaOfficial,
,31,Bollywood Masala,Gossip,NA,NA,NA,NA,https://www.youtube.com/user/bollywoodmasala,
,32,Agony Khan,Gossip,NA,NA,NA,NA,https://www.youtube.com/user/AgonyKhan,
,33,Nana Chatekar,Gossip,NA,NA,NA,NA,https://www.youtube.com/user/NanaChatekar,
,,,,,,,,,
,,,,,,,,,
,1,Cine Blitz,Publisher,NA,https://twitter.com/thecineblitz,http://instagram.com/cineblitz,https://www.facebook.com/CineBlitz,https://www.youtube.com/channel/UCkrrPgQC03UBbcZjLHPHUIw,
,2,Filmfare,Publisher,NA,https://twitter.com/filmfare,https://www.instagram.com/filmfare,https://www.facebook.com/Filmfare,https://www.youtube.com/user/Filmfareweb,
,3,NDTV Movies,Publisher,NA,https://twitter.com/#!/moviesndtv,NA,http://www.facebook.com/pages/NDTV-Movies/98462422918,NA,
,4,Rediff Movies,Publisher,NA,https://twitter.com/rediffmovies,NA,https://www.facebook.com/Rediff-Movies-142212742508262/,NA,
,5,Stardust,Publisher,NA,https://twitter.com/Stardust_Magna,http://instagram.com/stardustmagna,https://www.facebook.com/stardustIndia,https://www.youtube.com/user/magnastardust,
,6,Ultra Bollywood,Publisher,NA,https://twitter.com/UltraHindi,NA,http://facebook.com/ultrahindi,https://www.youtube.com/user/UltraHindi,
,7,Zoom TV,Publisher,NA,http://www.twitter.com/zoomtv,https://instagram.com/zoomtv/,http://facebook.com/zoomtv,https://www.youtube.com/channel/UCotI-SqRXnkAZX4bMqlRNjw,
,8,Shemaroo Entertainment,Publisher,NA,https://twitter.com/shemarooent,NA,https://www.facebook.com/shemarooent,https://www.youtube.com/user/ShemarooEnt,
,9,Venus Movies,Publisher,NA,https://twitter.com/venusmovies,NA,https://www.facebook.com/venusentertainment,https://www.youtube.com/user/VenusMovies,
,10,Eros Now Entertainment,Publisher,NA,NA,NA,https://www.facebook.com/erosnow,https://www.youtube.com/user/erosentertainment,
,11,Mayapuri Films,Publisher,NA,https://twitter.com/mayapurimag,https://www.instagram.com/mayapurimagazine/,https://www.facebook.com/Mayapurimagazine/,https://www.youtube.com/user/MayapuriFilms,
,12,Pink Villa,Publisher,NA,https://twitter.com/pinkvilla,https://instagram.com/pinkvilla,https://www.facebook.com/pages/PinkVilla/114638575244302,https://www.youtube.com/playlist?list=PLXw5X9ICOU4a6RCLHeIZk8smfTQt4AyaE,
,13,Bollywood Window,Publisher,NA,NA,NA,NA,https://www.youtube.com/user/hindustanisangeet,
,14,Sony Max,Publisher,NA,https://twitter.com/SonyMax,https://www.instagram.com/sonymaxmovies/,https://www.facebook.com/MAXTelevision,https://www.youtube.com/user/maxindia,
,15,Sony Max 2,Publisher,NA,https://twitter.com/sonymax2movies,https://www.instagram.com/sonymax2movies/,https://www.facebook.com/SonyMax2?fref=ts,NA,
,16,E24,Publisher,NA,https://twitter.com/e24bollynews/,NA,https://www.facebook.com/e24bollywood/,https://www.youtube.com/e24music/,
,17,UTV Movies,Publisher,NA,https://twitter.com/utvfilms,https://www.instagram.com/utvfilms,https://www.facebook.com/UTVmovies/,NA,
,18,Zee Cinema,Publisher,NA,https://twitter.com/zeecinema,https://www.instagram.com/zeecinema/,https://www.facebook.com/ZeeCinemaChannel/,https://www.youtube.com/user/zeecinemachannel,
,19,Zee Bollywood,Publisher,NA,https://twitter.com/ZeeBollywood,https://www.instagram.com/zeebollywoodchannel/,https://www.facebook.com/ZeeBollywoodChannel,https://www.youtube.com/channel/UCO68w6XY4jstxssr8G68voQ,
,20,Star Gold,Publisher,NA,https://twitter.com/StarGoldIndia,https://www.instagram.com/stargoldofficial/,https://www.facebook.com/StarGoldIndia,https://www.youtube.com/user/StarGold,
,21,Star Gold Select,Publisher,NA,https://twitter.com/StarGoldSelect,https://www.instagram.com/stargoldselect/,https://www.facebook.com/StarGoldSelect,NA,
,22,Rishtey Cineplex,Publisher,NA,https://twitter.com/rishteycineplex,https://www.instagram.com/rishteycineplex/,https://www.facebook.com/rishteycineplex,https://www.youtube.com/channel/UCYnMzKK6hcpnlRCxGnPwk6Q,
,23,AND Pictures,Publisher,NA,https://twitter.com/AndPicturesIN,https://www.instagram.com/andpicturesin/,https://www.facebook.com/andpictureschannel/,https://www.youtube.com/channel/UCMuauRU4iGMJwy_VVilvriw,
,24,ETC Bollywood,Publisher,NA,https://twitter.com/ETCBollywood,https://www.instagram.com/etcbollywood/,https://www.facebook.com/etcIndia,https://www.youtube.com/user/ETCNetworks,
,25,Movies Ok,Publisher,NA,NA,NA,NA,https://www.youtube.com/user/moviesokindia,
,26,B4U Movies,Publisher,NA,NA,NA,https://www.facebook.com/B4UMoviesTV/,NA,
,,,,,,,,,
,,,,,,,,,
,1,Miss Malini,Blog,NA,NA,NA,NA,NA,https://www.missmalini.com/category/bollywood/
,2,Gossip Ki Galliyan,Blog,NA,NA,NA,NA,NA,https://gossipkigalliyan.com/category/bollywood-gossip/
,3,Filmi Beat,Blog,NA,NA,NA,NA,NA,https://www.filmibeat.com/bollywood/
,4,Cosmopolitian,Blog,NA,NA,NA,NA,NA,https://www.cosmopolitan.in/content/Bollywood-Gossip
,5,Blog To Bollywood,Blog,NA,NA,NA,NA,NA,https://blogtobollywood.com/
,6,Filmi Keeday,Blog,NA,NA,NA,NA,NA,https://www.filmykeeday.com/
,7,Beth Loves Bollywood,Blog,NA,NA,NA,NA,NA,http://www.bethlovesbollywood.com/
,8,A Potpourri of Vestiges,Blog,NA,NA,NA,NA,NA,http://www.apotpourriofvestiges.com/
,9,Bollywood Bindaas,Blog,NA,NA,NA,NA,NA,https://www.bollywoodbindass.com/category/movies/
,10,Adda Today,Blog,NA,NA,NA,NA,NA,https://www.addatoday.com/
,11,Kinky Little Boots,Blog,NA,NA,NA,NA,NA,http://www.kinkylittleboots.com/
,12,Priyaa Divarekar,Blog,NA,NA,NA,NA,NA,http://www.priyaadivarekar.com/
,13,Nyooz Flix,Blog,NA,NA,NA,NA,NA,http://www.nyoozflix.com/
,,,,,,,,,
,,,,,,,,,
,1,Jagran Film Festival,Events - Film Festival,NA,https://twitter.com/jagranfilmfest,https://www.instagram.com/jagranfilmfestival/?hl=en,https://www.facebook.com/JagranFilmFestival/,https://www.youtube.com/channel/UCjSufeNHs4vDPPMqx3V4dPw,
,2,Indian Film Festival of Melbourne,Events - Film Festival,NA,https://twitter.com/IFFMelb,https://www.instagram.com/iffmelbourne/,https://www.facebook.com/IndianFilmFestivalOfMelbourne,https://www.youtube.com/user/mindblowingfilmscom,
,3,Indian Film Festival of Los Angeles,Events - Film Festival,NA,https://twitter.com/iffla,http://instagram.com/indianfilmfestival,https://www.facebook.com/indianfilmfestival,http://www.youtube.com/indianfilmfestival,
,4,International Film Festival of India,Events - Film Festival,NA,https://twitter.com/IFFIGoa,https://instagram.com/iffigoa,https://facebook.com/iffigoa/,https://youtube.com/iffigoa,
,5,National Film Awards,Events - Award Shows,NA,NA,NA,NA,NA,
,6,Sansui Stardust Awards,Events - Award Shows,NA,NA,NA,NA,NA,
,7,Zee Cine Awards,Events - Award Shows,NA,https://twitter.com/ZeeCineAwards,https://www.instagram.com/zeecineawards/,https://www.facebook.com/zeecineawardsofficial/,https://www.youtube.com/channel/UCgVGwARtNasFshIjTiar4vw,
,8,Star Screen Awards,Events - Award Shows,NA,NA,NA,NA,NA,
,9,IIFA Awards,Events - Award Shows,NA,https://twitter.com/iifa,https://www.instagram.com/iifa,https://www.facebook.com/IIFA/,https://www.youtube.com/channel/UCe8GMzGI_8fBfQYgOe3tBKA,
,10,Producers Guild Film Awards,Events - Award Shows,NA,NA,NA,NA,NA,
,11,Global Indian Film Awards,Events - Award Shows,NA,NA,NA,NA,NA,
,12,Filmfare Awards,Events - Award Shows,NA,NA,NA,NA,NA,
,13,BIG Zee Entertainment Awards,Events - Award Shows,NA,NA,NA,NA,NA,
,14,The Times of India Film Awards,Events - Award Shows,NA,NA,NA,NA,NA,
,,,,,,,,,
,,,,,,,,,
,1,Honey Sheth,Influencers,NA,NA,https://instagram.com/honeysheth,NA,NA,
,2,Its Bollywood,Influencers,NA,NA,https://www.instagram.com/itzbollywoodtrend/,NA,NA,
,3,Bollywood Fashion Book,Influencers,NA,NA,https://www.instagram.com/bollyfashionbook/,NA,NA,
,4,Bollywood Style File,Influencers,NA,NA,https://www.instagram.com/bollywoodstylefile/,NA,NA,
,5,Bollywood Fashion Fiesta,Influencers,NA,NA,https://www.instagram.com/bollyfashionfiesta/,NA,NA,
,6,Amazing Bollywood,Influencers,NA,NA,https://www.instagram.com/amazingbollywood/,NA,NA,